{
  "version": 1,
  "author": "Shanuka Jayarathna",
  "editor": "wokwi",
  "parts": [
    { "type": "wokwi-breadboard-half", "id": "bb1", "top": -41.4, "left": -64.4, "attrs": {} },
    {
      "type": "wokwi-arduino-uno",
      "id": "uno",
      "top": -41.4,
      "left": 279.8,
      "rotate": 90,
      "attrs": {}
    },
    {
      "type": "wokwi-led",
      "id": "led1",
      "top": -22.8,
      "left": 42.2,
      "attrs": { "color": "yellow" }
    },
    {
      "type": "wokwi-led",
      "id": "led2",
      "top": -22.8,
      "left": -44.2,
      "attrs": { "color": "red" }
    },
    {
      "type": "wokwi-led",
      "id": "led3",
      "top": -22.8,
      "left": 138.2,
      "attrs": { "color": "limegreen" }
    },
    {
      "type": "wokwi-resistor",
      "id": "r1",
      "top": 23.15,
      "left": -19.2,
      "attrs": { "value": "1000" }
    },
    {
      "type": "wokwi-resistor",
      "id": "r2",
      "top": 23.15,
      "left": 163.2,
      "attrs": { "value": "1000" }
    },
    {
      "type": "wokwi-resistor",
      "id": "r3",
      "top": 23.15,
      "left": 67.2,
      "attrs": { "value": "1000" }
    }
  ],
  "connections": [
    [ "led2:A", "bb1:3t.b", "", [ "$bb" ] ],
    [ "led2:C", "bb1:2t.b", "", [ "$bb" ] ],
    [ "r1:1", "bb1:3t.c", "", [ "$bb" ] ],
    [ "r1:2", "bb1:9t.c", "", [ "$bb" ] ],
    [ "uno:5V", "bb1:bp.25", "red", [ "h-28.7", "v51.8" ] ],
    [ "bb1:bn.25", "uno:GND.2", "green", [ "v-1.3", "h68.8", "v-57.6" ] ],
    [ "bb1:2t.d", "bb1:bn.22", "green", [ "v96", "h240" ] ],
    [ "r2:1", "bb1:22t.c", "", [ "$bb" ] ],
    [ "r2:2", "bb1:28t.c", "", [ "$bb" ] ],
    [ "led3:A", "bb1:22t.b", "", [ "$bb" ] ],
    [ "led3:C", "bb1:21t.b", "", [ "$bb" ] ],
    [ "r3:1", "bb1:12t.c", "", [ "$bb" ] ],
    [ "r3:2", "bb1:18t.c", "", [ "$bb" ] ],
    [ "led1:A", "bb1:12t.b", "", [ "$bb" ] ],
    [ "led1:C", "bb1:11t.b", "", [ "$bb" ] ],
    [ "bb1:11t.d", "bb1:bn.23", "green", [ "v86.4", "h163.2" ] ],
    [ "bb1:21t.d", "bb1:bn.24", "green", [ "v19.2", "h76.8" ] ],
    [ "uno:13", "bb1:28t.b", "green", [ "h28.8", "v-182", "h-163.2" ] ],
    [ "uno:12", "bb1:18t.b", "green", [ "h67.2", "v-229.9", "h-182.4" ] ],
    [
      "bb1:9t.b",
      "uno:11",
      "green",
      [ "v-230.4", "h288", "v0", "h297.6", "v288", "h0", "v-9.6" ]
    ]
  ],
  "dependencies": {}
}